Title,Price,Review Score
"ANBERNIC RG35XX Retro Handheld Game Console Linux System 3.5 Inch IPS Screen Portable Pocket Video Player 10000+ Games Boy Gift, Christmas Birthday Party Gifts for Friends and Children",USD $62.99,4.9
"TRIMUI Smart Pro Portable Retro Handheld Game Console 4.96"" IPS HD Screen 10000+ Games Double Joystick 26+ Simulators Kids Gift, Christmas Birthday Party Gifts for Friends",USD $84.99,4.5
"ANBERNIC RG405M  Retro Handheld Game Console , Aluminum Alloy CNC Android 12 System Support Google Play, 4.0 Inch IPS Touch Screen with 256G TF Card 4000+ Games,Christmas Birthday Party Gifts",USD $184.99,4.8
"X7 Handheld Game Consoles Built in 2000+ Free Games 8GB RAM 4.3 Inch Screen Double Rocker,Support TV Output,Music/Movie/Camera Audio and Video MP3,MP4, MP5, Birthday Gift for Kids",USD $31.49,5.0
Zelda Carrying Case For Switch Game Console  Accessories Silicone Hard Shell Pouch Waterproof Protective Cover,USD $12.99,5.0
"Powkiddy X55 Handheld Game Console with Built-in Games IPS RGB Screen 5.5-Inch (256G 30000 Games), Perfect Christmas Birthday Party Gifts for Friends and Children",USD $139.99,5.0
2022 GameSir X2 Pro Xbox Gamepad Android Type C Mobile Game Controller for Xbox Game Pass Ultimate xCloud STADIA Cloud Gaming,USD $69.99,4.8
S8 Handheld Game Console Retro Mini Game Console with 520 Classic Games 3.0 inch Screen Rechargeable Battery Portable Games Console Support TV Ideal Gift for Kids Adult Friend Lover,USD $15.99,4.9
RG353V Handheld Retro Game Console Support Dual OS Android 11 Linux 5G WiFi 4.2 Bluetooth RK3566 64BIT 64G TF Card 4450 Classic Games 3.5 Inch IPS Screen 3500mAh Battery,USD $99.99,4.9
LED Light Gaming Mouse Pad RGB Large Computer Mousepad Gamer Carpet Waterproof Mause Pads Desk Play Mat with Backlit,USD $19.99,5.0
"POWKIDDY Q35 Handheld Game Console 5000mAh Mobile Power Supply 8 Bit Game Cheap Children‘s Gifts Av Out Support Two Players, Christmas Birthday Party Gifts for Friends and Children",USD $24.99,4.0
"620 Games In One Classic Game Console 8-Bit Mini Home Action Game Enthusiast Entertainment System Retro Double Battle Game Console,Christmas Birthday Party Gifts for Friends and Children",USD $21.99,4.9
For Switch Carrying Case Compatible with Nintendo Switch/Switch OLED with 20 Games Cartridges Protective Hard Shell Travel Carrying Case Pouch for Console & Accessories,USD $10.99,4.9
"Powkiddy V90 3.0Inch IPS Screen Retro Video Game Console Built-in Rechargeable Battery, Portable Handheld Game Console 64G 15000 Games,Christmas Birthday Party Gifts for Friends and Children",USD $37.99,5.0
Large Gaming Mousepad Art Strata Liquid Mouse Pad Compute Mouse Mat Gamer Stitching Desk Mat XXL for PC Keyboard Mouse Carpet,USD $14.99,4.8
"GD10 Game Stick 4K 2022 New Retro 4K Video Game Console 2.4G Wireless Controllers HD EmuELEC4.3 System Over 40,000Games Build-In Christmas Gift for Boys and Girls",USD $43.99,4.9
"Big Screen Retro Classic Children‘s Handheld Game Console Electronic Toys,Christmas Birthday Party Gifts for Friends and Children",USD $9.99,4.4
"Built-In 620 Games Mini TV Game Console 8 Bit Retro Classic Handheld Gaming Player AV/HDMI Output Video Game Console Toy,Christmas Birthday Party Gifts for Friends and Children",USD $19.99,5.0
"X12 Plus Handheld Game Console, 7.1 Inch HD Screen Portable Audio Video Player, Double Rocker Handheld Retro Game Console, Built-in10000+ Free Games",USD $47.99,4.9
"G5 Game Console 500-Games Classic Game Device Ergonomic 3.0‘‘ Screen Handheld Gaming Player for Kids Gift Video Game Console, Christmas Birthday Gift",USD $13.99,4.8
ANBERNIC RG35XX PLUS Retro Handheld Game Console Linux System 3.5 Inch IPS Screen Portable Pocket Video Player,USD $79.99,5.0
"Switch wireless Bluetooth vibration game controller mobile game controller,Christmas Birthday Party Gifts for Friends and Children",USD $24.99,4.0
Large Mouse Pad XL 35.4x15.7in Big Extended Computer Keyboard Mouse Mat Desk Pad for Laptop with Stitched Edges Waterproof Mousepad for Gamer Home&Office,USD $17.99,5.0
"ANBERNIC RG405V Handheld Game Console 4 IPS Touch Screen Android 12 Unisoc Tiger T618 64-bit Game Player 5500mAh OTA Update, Christmas Birthday Party Gifts for Friends and Children",USD $172.99,4.8
"ANBERNIC RG353V Handheld Retro Game Console Support Dual OS Android 11 Linux 5G WiFi 4.2 Bluetooth RK3566 64BIT 64G 4450 Games 3.5 Inch IPS Screen 3500mAh Battery, Perfect Christmas Birthday Gifts",USD $161.99,5.0
Extended game mouse pad thick large (27.6)  four point seven  0.12 inch) computer keyboard mouse pad mouse pad mouse pad non slip rubber base durable stitched edge for maximum control,USD $13.99,5.0
"AMPOWN G11 Pro 4K HD 3D GameBox Video game console 64G 128G 256G game sopa 2.4G tablet GamePad support PSP GBC GBA N64 40000  games,Christmas Birthday Party Gifts for Friends and Children",USD $57.99,5.0
"GAME Box i3S 3D plus Video Game Console Dual System Multiple Simulators 30000 games 4K HD Output Retro Arcade Console,Christmas Birthday Party Gifts for Friends and Children",USD $41.99,4.8
"POWKIDDY SF900 HD TV Game Stick Retro Video Gaming Console With 2 Game Controllers 2.4G Wireless Gamepad Game Players, Christmas Birthday Party Gifts for Friends and Children",USD $21.99,4.8
VR SHINECON Virtual Reality VR Headset 3D Glasses VR Goggles for TV Movies & Video Games Compatibale iOS & Android Smartphone Within 4.7 - 7 inch Screen,USD $11.99,4.8
"Switch controller switch PRO wireless Bluetooth game controller,Christmas Birthday Party Gifts for Friends",USD $19.99,5.0
"VR Headset 3D Virtual Reality Headset for VR Games & 3D Movies with Remote Control, Eye Care System, for iPhone and Android",USD $34.99,5.0
VR Glasses Virtual Reality 3D VR Glasses Headset for IOS Android Smartphone Google Cardboard Virtual Glasses with Gamepad,USD $34.99,5.0
"X40 Video Game 7.1inch LCD Double Rocker Portable Handheld Retro Game Console Video MP5 Player TF Card for GBA/NES 3000 Game,Christmas Birthday Party Gifts for Friends and Children",USD $61.99,4.7
"Anbernic RG503 Retro Handheld Video Game Console 4.95-inch OLED Screen Linux System Portable Game Player RK3566 Bluetooth 5G WiFi, Christmas Birthday Party Gifts for Friends and Children",USD $136.99,5.0
"Powkiddy Y6 2.4G Wireless Game Tv Stick Retro PS1 Family Portable Video Game Console 4K HD Support Multiplayer 10000 Games,Christmas Birthday Party Gifts for Friends and Children",USD $48.99,5.0
Bring Home The Excitement Of A Virtual Pet Updated Collector's Edition Toy With Real-time 3D Pet Movement In A Shiny Aqua Blue Box! Christmas Halloween Thanksgiving Gifts,USD $8.99,5.0
"X350 3.5 inch IPS HD Screen 8G Built-in 6800 Games Handheld Game Player Retro Video Game Console For GBA/MD/FC 10 Emulator,Christmas Birthday Party Gifts for Friends and Children",USD $31.99,5.0
"X6 Magic Box Super Game Box Plus 10000 Free Games 4K TV Video Game Console 64GB 128GB for psp/ps1/mame with wireless 2 gamepads,Christmas Birthday Party Gift",USD $58.99,4.3
"POWKIDDY New X17 Android 7.0 Handheld Game Console 7-inch IPS Touch Screen MTK 8163 Quad Core 2G RAM 32G ROM Retro Game Players,Christmas Birthday Party Gifts for Friends and Children",USD $111.99,4.8
"WIN600 Video Handheld PC Game Console Win 10 Edition 8G DDR4 with 256G M.2 SSD, Support Steam OS with AMD Athlon Silver 3050e 5.94in OCA Full Lamination IPS Screen",USD $487.59,5.0
"Retroid Pocket 3 Plus Retro Game Handheld Console,Multiple Emulators Console Handheld 4.7 Inch 16:9 Display 4500mAh Battery Classic Games, Christmas Birthday Party Gifts",USD $200.59,5.0
"X9S 8GB Handheld Game console 5.1 inch Retro Double Joystick Game Console Built in 10 Emulators 6800+ Games For PSP PS1 Game Emulator With Camera,Christmas Birthday Party Gifts",USD $35.99,4.8
GD10 Game Stick 4K 2023 New Retro 4K Video Game Console 2.4G Wireless Controllers HD EmuELEC4.3 System Over 40000Games Build-In Christmas Gift for Boys and Girls,USD $54.99,5.0
Wireless Controller For Nintendo Switch OLED Console Pro Gamepad with 600Mah Rechargeable Battery Programmable Turbo Function,USD $19.99,5.0
"USB Plug Mobile Game Controller with Cooling Fan for PUBG/Call of Duty/Fotnite [6 Finger Operation] Gaming Grip Gamepad Mobile Controller Trigger for 4.7-6.5"" IOS Android Phone",USD $9.99,5.0
"POWKIDDY New RGB30 Retro Open Source Pocket Game Console 4.0 Inch IPS Screen Support WiFi5G/Bluetooth/HDMI Cheap Christmas Gifts,Christmas Birthday Party Gifts for Friends and Children",USD $97.99,5.0
"DATA FROG Retro Video Game Console 2.4G Wireless Console Game Stick 4k 10000 Games Portable Video Game Dendy Game Console for tv, Christmas Birthday Party Gifts for Friends and Children",USD $26.99,5.0
6 in 1 Charging Dock for Nintendo Switch Console Joy-con Controller Gamepad Charger Dock Station DC5V/2A Charge Stand NS Switch,USD $17.99,5.0
"Big Screen Game Console Children‘s Educational Electronic Toy,Christmas Birthday Party Gifts for Friends and Children",USD $9.99,4.8
X6 4.0 Inch Handheld Video Game Console Dual Joystick Mini Portable Game Console Built-in 1500 Classic Free Games Support TV PC,USD $26.99,4.8
"POWKIDDY NEW X39 Pro Handheld Game Console 4.5 Inch Ips Screen Retro Game PS1 Support Wired Controllers Children‘s gifts, Christmas Birthday Party Gifts for Friends and Children",USD $44.99,4.9
"SG800 4k Game Stick Built In 688 Games TV Video Game Console Mini Consola Wireless Gamepad Consoles De Juegos For Sega,Christmas Birthday Party Gifts for Friends and Children",USD $24.29,5.0
2.4G USB Wireless Android Game Controller Joystick Joypad with OTG Converter For PS3/Smart Phone For Tablet PC Smart TV Box,USD $12.99,5.0
"Pocket Handheld Game Console Built-in 500 Classic Games 3.0 inch Color Screen Support 8-bit Portable Game Console Cool Game Boy Gifts For Children, Christmas Birthday Party Gifts",USD $19.99,5.0
"New Game Console with Power Bank 3.5-inch IPS Screen 6000 mAh 16-bit 10000 Games Arcade Machine,Christmas Birthday Party Gifts for Friends and Children",USD $38.99,5.0
VR Glasses Virtual Reality Glasses 3D VR Glasses Stereo Helmet Headset With Remote Control For IOS Android 3D Virtual World,USD $32.99,4.9
Ewwke Video Game Console M8 Dual Wireless Controller 2.4G 4K 10000 Games 64GB Games Retro Console For PS1/GBA Dropshipping Christmas Gift for Boys and Girls,USD $41.99,4.0
NEW Project X Pocket Gaming Console 64G 10000+ Games Support Big PS1 Retro Game Dual Speaker Stereo Essential Gift for Children,USD $49.99,5.0
